"Effect","Df","Variance","F","Pr..F.","R2","adj.R2","Residual"
"Acclim_10vs3_months",1,271.901680911338,1.30401121386121,0.102,0.0432478942210278,0.0105409171201322,4378.74708318713
"Acclimation",1,1636.40141045395,7.7410341774038,0.001,0.260281271028738,0.226657692439135,4650.64876409847
